caseId,synthetic,age,temperature_c,heart_rate_bpm,systolic_bp_mmhg,diastolic_bp_mmhg,oxygen_level_percent,glucose_mg_dl,fever,cough,sore_throat,chest_pain,headache,vomiting,abdominal_pain,fatigue,rash,frequent_urination,blurred_vision,caseCategory,urgencyLabel,recommendedSpecialist,
CASE001,YES,29,37.2,62,105,65,92,75,0,1,0,0,1,0,0,0,0,0,0,respiratory_concern,priority_review,Respiratory Medicine,
CASE002,YES,36,37.5,79,116,72,93,94,1,1,1,0,0,0,0,1,0,0,0,respiratory_concern,priority_review,Respiratory Medicine,
CASE003,YES,43,37.7,96,127,79,94,113,1,1,1,0,0,0,0,0,0,0,0,respiratory_concern,priority_review,Respiratory Medicine,
CASE004,YES,50,38,70,138,86,95,132,1,1,0,0,0,0,0,1,0,0,0,respiratory_concern,routine,Respiratory Medicine,
CASE005,YES,57,38.2,87,149,66,96,75,0,1,1,0,0,0,0,0,0,0,0,respiratory_concern,routine,Respiratory Medicine,
CASE006,YES,64,38.5,104,114,73,97,94,1,1,1,0,1,0,0,1,0,0,0,respiratory_concern,routine,Respiratory Medicine,
CASE007,YES,71,38.7,78,125,80,98,113,1,1,0,0,0,0,0,0,0,0,0,respiratory_concern,routine,Respiratory Medicine,
CASE008,YES,78,39,95,136,87,92,132,1,1,1,0,0,0,0,1,0,0,0,respiratory_concern,priority_review,Respiratory Medicine,
CASE009,YES,18,37.2,69,147,67,93,75,0,1,1,0,0,0,0,0,0,0,0,respiratory_concern,priority_review,Respiratory Medicine,
CASE010,YES,25,37.5,86,112,74,94,94,1,1,0,0,0,0,0,1,0,0,0,respiratory_concern,priority_review,Respiratory Medicine,
CASE011,YES,32,37.7,103,123,81,95,113,1,1,1,0,1,0,0,0,0,0,0,respiratory_concern,routine,Respiratory Medicine,
CASE012,YES,39,38,77,134,88,96,132,1,1,1,0,0,0,0,1,0,0,0,respiratory_concern,routine,Respiratory Medicine,
CASE013,YES,46,38.2,94,145,68,97,75,0,1,0,0,0,0,0,0,0,0,0,respiratory_concern,routine,Respiratory Medicine,
CASE014,YES,53,38.5,68,110,75,98,94,1,1,1,0,0,0,0,1,0,0,0,respiratory_concern,routine,Respiratory Medicine,
CASE015,YES,60,38.7,85,121,82,92,113,1,1,1,0,0,0,0,0,0,0,0,respiratory_concern,priority_review,Respiratory Medicine,
CASE016,YES,67,39,102,132,89,93,132,1,1,0,0,1,0,0,1,0,0,0,respiratory_concern,priority_review,Respiratory Medicine,
CASE017,YES,74,37.2,76,143,69,94,75,0,1,1,0,0,0,0,0,0,0,0,respiratory_concern,priority_review,Respiratory Medicine,
CASE018,YES,81,37.5,93,108,76,95,94,1,1,1,0,0,0,0,1,0,0,0,respiratory_concern,routine,Respiratory Medicine,
CASE019,YES,21,37.7,67,119,83,96,113,1,1,0,0,0,0,0,0,0,0,0,respiratory_concern,routine,Respiratory Medicine,
CASE020,YES,28,38,84,130,90,97,132,1,1,1,0,0,0,0,1,0,0,0,respiratory_concern,routine,Respiratory Medicine,
CASE021,YES,35,37,78,125,78,98,75,0,0,0,1,1,0,0,0,0,0,0,cardiac_warning_pattern,urgent_review_demo,Cardiology,
CASE022,YES,42,38.6,81,132,83,97,94,0,0,0,1,0,0,0,1,0,0,0,cardiac_warning_pattern,priority_review,Cardiology,
CASE023,YES,49,37.4,84,139,88,96,113,0,0,0,1,0,0,0,1,0,0,0,cardiac_warning_pattern,priority_review,Cardiology,
CASE024,YES,56,36.2,87,146,93,95,132,0,0,0,1,0,0,0,0,0,0,0,cardiac_warning_pattern,urgent_review_demo,Cardiology,
CASE025,YES,63,37.8,90,153,98,94,75,0,0,0,1,0,0,0,1,0,0,0,cardiac_warning_pattern,priority_review,Cardiology,
CASE026,YES,70,36.6,93,160,81,99,94,0,0,0,1,0,0,0,1,0,0,0,cardiac_warning_pattern,priority_review,Cardiology,
CASE027,YES,77,38.1,96,131,86,98,113,0,0,0,1,1,0,0,0,0,0,0,cardiac_warning_pattern,urgent_review_demo,Cardiology,
CASE028,YES,84,36.9,99,138,91,97,132,0,0,0,1,0,0,0,1,0,0,0,cardiac_warning_pattern,priority_review,Cardiology,
CASE029,YES,24,38.5,102,145,96,96,75,0,0,0,1,0,0,0,1,0,0,0,cardiac_warning_pattern,priority_review,Cardiology,
CASE030,YES,31,37.3,105,152,79,95,94,0,0,0,1,0,0,0,0,0,0,0,cardiac_warning_pattern,urgent_review_demo,Cardiology,
CASE031,YES,38,38.8,108,159,84,94,113,0,0,0,1,0,0,0,1,0,0,0,cardiac_warning_pattern,priority_review,Cardiology,
CASE032,YES,45,37.6,111,130,89,99,132,0,0,0,1,0,0,0,1,0,0,0,cardiac_warning_pattern,priority_review,Cardiology,
CASE033,YES,52,36.4,114,137,94,98,75,0,0,0,1,1,0,0,0,0,0,0,cardiac_warning_pattern,urgent_review_demo,Cardiology,
CASE034,YES,59,38,78,144,99,97,94,0,0,0,1,0,0,0,1,0,0,0,cardiac_warning_pattern,priority_review,Cardiology,
CASE035,YES,66,36.8,81,151,82,96,113,0,0,0,1,0,0,0,1,0,0,0,cardiac_warning_pattern,priority_review,Cardiology,
CASE036,YES,73,38.4,84,158,87,95,132,0,0,0,1,0,0,0,0,0,0,0,cardiac_warning_pattern,urgent_review_demo,Cardiology,
CASE037,YES,80,37.2,87,129,92,94,75,0,0,0,1,0,0,0,1,0,0,0,cardiac_warning_pattern,priority_review,Cardiology,
CASE038,YES,20,38.7,90,136,97,99,94,0,0,0,1,0,0,0,1,0,0,0,cardiac_warning_pattern,priority_review,Cardiology,
CASE039,YES,27,37.5,93,143,80,98,113,0,0,0,1,1,0,0,0,0,0,0,cardiac_warning_pattern,urgent_review_demo,Cardiology,
CASE040,YES,34,36.3,96,150,85,97,132,0,0,0,1,0,0,0,1,0,0,0,cardiac_warning_pattern,priority_review,Cardiology,
CASE041,YES,41,36.5,97,131,75,96,75,1,0,0,0,1,0,1,1,0,0,0,digestive_concern,routine,General Medicine,
CASE042,YES,48,36.7,71,142,82,95,94,0,0,0,0,0,1,1,0,0,0,0,digestive_concern,routine,General Medicine,
CASE043,YES,55,36.9,88,107,89,94,113,0,0,0,0,0,1,1,1,0,0,0,digestive_concern,routine,General Medicine,
CASE044,YES,62,37.1,62,118,69,99,132,0,0,0,0,0,1,1,0,0,0,0,digestive_concern,routine,General Medicine,
CASE045,YES,69,37.3,79,129,76,98,75,0,0,0,0,0,0,1,1,0,0,0,digestive_concern,routine,General Medicine,
CASE046,YES,76,36.5,96,140,83,97,94,1,0,0,0,0,1,1,0,0,0,0,digestive_concern,priority_review,General Medicine,
CASE047,YES,83,36.7,70,105,90,96,113,0,0,0,0,0,1,1,1,0,0,0,digestive_concern,routine,General Medicine,
CASE048,YES,23,36.9,87,116,70,95,132,0,0,0,0,1,1,1,0,0,0,0,digestive_concern,routine,General Medicine,
CASE049,YES,30,37.1,104,127,77,94,75,0,0,0,0,0,0,1,1,0,0,0,digestive_concern,routine,General Medicine,
CASE050,YES,37,37.3,78,138,84,99,94,0,0,0,0,0,1,1,0,0,0,0,digestive_concern,routine,General Medicine,
CASE051,YES,44,36.5,95,149,91,98,113,1,0,0,0,0,1,1,1,0,0,0,digestive_concern,priority_review,General Medicine,
CASE052,YES,51,36.7,69,114,71,97,132,0,0,0,0,0,1,1,0,0,0,0,digestive_concern,routine,General Medicine,
CASE053,YES,58,36.9,86,125,78,96,75,0,0,0,0,0,0,1,1,0,0,0,digestive_concern,routine,General Medicine,
CASE054,YES,65,37.1,103,136,85,95,94,0,0,0,0,0,1,1,0,0,0,0,digestive_concern,routine,General Medicine,
CASE055,YES,72,37.3,77,147,65,94,113,0,0,0,0,1,1,1,1,0,0,0,digestive_concern,routine,General Medicine,
CASE056,YES,79,36.5,94,112,72,99,132,1,0,0,0,0,1,1,0,0,0,0,digestive_concern,priority_review,General Medicine,
CASE057,YES,19,36.7,68,123,79,98,75,0,0,0,0,0,0,1,1,0,0,0,digestive_concern,routine,General Medicine,
CASE058,YES,26,36.9,85,134,86,97,94,0,0,0,0,0,1,1,0,0,0,0,digestive_concern,routine,General Medicine,
CASE059,YES,33,37.1,102,145,66,96,113,0,0,0,0,0,1,1,1,0,0,0,digestive_concern,routine,General Medicine,
CASE060,YES,40,37.3,76,110,73,95,132,0,0,0,0,0,1,1,0,0,0,0,digestive_concern,routine,General Medicine,
CASE061,YES,47,36.4,93,121,80,94,75,1,0,0,0,1,0,0,1,1,0,0,skin_related_concern,priority_review,Dermatology,
CASE062,YES,54,36.55,67,132,87,99,94,0,0,0,0,0,0,0,0,1,0,0,skin_related_concern,routine,Dermatology,
CASE063,YES,61,36.7,84,143,67,98,113,0,0,0,0,0,0,0,0,1,0,0,skin_related_concern,routine,Dermatology,
CASE064,YES,68,36.85,101,108,74,97,132,0,0,0,0,0,0,0,0,1,0,0,skin_related_concern,routine,Dermatology,
CASE065,YES,75,37,75,119,81,96,75,0,0,0,0,0,0,0,1,1,0,0,skin_related_concern,routine,Dermatology,
CASE066,YES,82,37.15,92,130,88,95,94,0,0,0,0,0,0,0,0,1,0,0,skin_related_concern,routine,Dermatology,
CASE067,YES,22,36.4,66,141,68,94,113,0,0,0,0,0,0,0,0,1,0,0,skin_related_concern,routine,Dermatology,
CASE068,YES,29,36.55,83,106,75,99,132,0,0,0,0,0,0,0,0,1,0,0,skin_related_concern,routine,Dermatology,
CASE069,YES,36,36.7,100,117,82,98,75,0,0,0,0,1,0,0,1,1,0,0,skin_related_concern,routine,Dermatology,
CASE070,YES,43,36.85,74,128,89,97,94,0,0,0,0,0,0,0,0,1,0,0,skin_related_concern,routine,Dermatology,
CASE071,YES,50,37,91,139,69,96,113,1,0,0,0,0,0,0,0,1,0,0,skin_related_concern,priority_review,Dermatology,
CASE072,YES,57,37.15,65,150,76,95,132,0,0,0,0,0,0,0,0,1,0,0,skin_related_concern,routine,Dermatology,
CASE073,YES,64,36.4,82,115,83,94,75,0,0,0,0,0,0,0,1,1,0,0,skin_related_concern,routine,Dermatology,
CASE074,YES,71,36.55,99,126,90,99,94,0,0,0,0,0,0,0,0,1,0,0,skin_related_concern,routine,Dermatology,
CASE075,YES,78,36.7,73,137,70,98,113,0,0,0,0,0,0,0,0,1,0,0,skin_related_concern,routine,Dermatology,
CASE076,YES,18,36.85,90,148,77,97,132,0,0,0,0,0,0,0,0,1,0,0,skin_related_concern,routine,Dermatology,
CASE077,YES,25,37,64,113,84,96,75,0,0,0,0,1,0,0,1,1,0,0,skin_related_concern,routine,Dermatology,
CASE078,YES,32,37.15,81,124,91,95,94,0,0,0,0,0,0,0,0,1,0,0,skin_related_concern,routine,Dermatology,
CASE079,YES,39,36.4,98,135,71,94,113,0,0,0,0,0,0,0,0,1,0,0,skin_related_concern,routine,Dermatology,
CASE080,YES,46,36.55,72,146,78,99,132,0,0,0,0,0,0,0,0,1,0,0,skin_related_concern,routine,Dermatology,
CASE081,YES,53,36.8,89,111,85,98,115,0,0,0,0,1,0,0,1,0,0,0,metabolic_concern,priority_review,Endocrinology,
CASE082,YES,60,38.4,63,122,65,97,124,0,0,0,0,0,0,0,1,0,1,1,metabolic_concern,routine,Endocrinology,
CASE083,YES,67,37.2,80,133,72,96,133,0,0,0,0,0,0,0,1,0,1,1,metabolic_concern,routine,Endocrinology,
CASE084,YES,74,38.7,97,144,79,95,142,0,0,0,0,0,0,0,1,0,1,1,metabolic_concern,routine,Endocrinology,
CASE085,YES,81,37.5,71,109,86,94,151,0,0,0,0,0,0,0,1,0,1,0,metabolic_concern,routine,Endocrinology,
CASE086,YES,21,36.3,88,120,66,99,160,0,0,0,0,1,0,0,1,0,0,1,metabolic_concern,routine,Endocrinology,
CASE087,YES,28,37.9,62,131,73,98,169,0,0,0,0,0,0,0,1,0,1,1,metabolic_concern,priority_review,Endocrinology,
CASE088,YES,35,36.7,79,142,80,97,178,0,0,0,0,0,0,0,1,0,1,1,metabolic_concern,routine,Endocrinology,
CASE089,YES,42,38.2,96,107,87,96,187,0,0,0,0,0,0,0,1,0,1,0,metabolic_concern,routine,Endocrinology,
CASE090,YES,49,37,70,118,67,95,196,0,0,0,0,0,0,0,1,0,1,1,metabolic_concern,routine,Endocrinology,
CASE091,YES,56,38.6,87,129,74,94,205,0,0,0,0,1,0,0,1,0,0,1,metabolic_concern,routine,Endocrinology,
CASE092,YES,63,37.4,104,140,81,99,123,0,0,0,0,0,0,0,1,0,1,1,metabolic_concern,routine,Endocrinology,
CASE093,YES,70,36.2,78,105,88,98,132,0,0,0,0,0,0,0,1,0,1,0,metabolic_concern,priority_review,Endocrinology,
CASE094,YES,77,37.8,95,116,68,97,141,0,0,0,0,0,0,0,1,0,1,1,metabolic_concern,routine,Endocrinology,
CASE095,YES,84,36.6,69,127,75,96,150,0,0,0,0,0,0,0,1,0,1,1,metabolic_concern,routine,Endocrinology,
CASE096,YES,24,38.1,86,138,82,95,159,0,0,0,0,1,0,0,1,0,0,1,metabolic_concern,routine,Endocrinology,
CASE097,YES,31,36.9,103,149,89,94,168,0,0,0,0,0,0,0,1,0,1,0,metabolic_concern,routine,Endocrinology,
CASE098,YES,38,38.5,77,114,69,99,177,0,0,0,0,0,0,0,1,0,1,1,metabolic_concern,routine,Endocrinology,
CASE099,YES,45,37.3,94,125,76,98,186,0,0,0,0,0,0,0,1,0,1,1,metabolic_concern,priority_review,Endocrinology,
CASE100,YES,52,38.8,68,136,83,97,195,0,0,0,0,0,0,0,1,0,1,1,metabolic_concern,routine,Endocrinology,
,,,,,,,,,,,,,,,,,,,,,,,
,,,,,,,,,,,,,,,,,,,,,,,
,,,,,,,,,,,,,,,,,,,,,,,
,,,,,,,,,,,,,,,,,,,,,,,
,,,,,,,,,,,,,,,,,,,,,,,
,,,,,,,,,,,,,,,,,,,,,,,
,,,,,,,,,,,,,,,,,,,,,,,
,,,,,,,,,,,,,,,,,,,,,,,
,,,,,,,,,,,,,,,,,,,,,,,
,,,,,,,,,,,,,,,,,,,,,,,
,,,,,,,,,,,,,,,,,,,,,,,
,,,,,,,,,,,,,,,,,,,,,,,
,,,,,,,,,,,,,,,,,,,,,,,
,,,,,,,,,,,,,,,,,,,,,,,
,,,,,,,,,,,,,,,,,,,,,,,
,,,,,,,,,,,,,,,,,,,,,,,
,,,,,,,,,,,,,,,,,,,,,,,
,,,,,,,,,,,,,,,,,,,,,,,
,,,,,,,,,,,,,,,,,,,,,,,
,,,,,,,,,,,,,,,,,,,,,,,
,,,,,,,,,,,,,,,,,,,,,,,
,,,,,,,,,,,,,,,,,,,,,,,
,,,,,,,,,,,,,,,,,,,,,,,
,,,,,,,,,,,,,,,,,,,,,,,
,,,,,,,,,,,,,,,,,,,,,,,
,,,,,,,,,,,,,,,,,,,,,,,
,,,,,,,,,,,,,,,,,,,,,,,
,,,,,,,,,,,,,,,,,,,,,,,
,,,,,,,,,,,,,,,,,,,,,,,
,,,,,,,,,,,,,,,,,,,,,,,
,,,,,,,,,,,,,,,,,,,,,,,
,,,,,,,,,,,,,,,,,,,,,,,
,,,,,,,,,,,,,,,,,,,,,,,
,,,,,,,,,,,,,,,,,,,,,,,
,,,,,,,,,,,,,,,,,,,,,,,
,,,,,,,,,,,,,,,,,,,,,,,
,,,,,,,,,,,,,,,,,,,,,,,
,,,,,,,,,,,,,,,,,,,,,,,
,,,,,,,,,,,,,,,,,,,,,,,
,,,,,,,,,,,,,,,,,,,,,,,
,,,,,,,,,,,,,,,,,,,,,,,
,,,,,,,,,,,,,,,,,,,,,,,
,,,,,,,,,,,,,,,,,,,,,,,
,,,,,,,,,,,,,,,,,,,,,,,
,,,,,,,,,,,,,,,,,,,,,,,
,,,,,,,,,,,,,,,,,,,,,,,
,,,,,,,,,,,,,,,,,,,,,,,
,,,,,,,,,,,,,,,,,,,,,,,
,,,,,,,,,,,,,,,,,,,,,,,
,,,,,,,,,,,,,,,,,,,,,,,
,,,,,,,,,,,,,,,,,,,,,,,
,,,,,,,,,,,,,,,,,,,,,,,
,,,,,,,,,,,,,,,,,,,,,,,
,,,,,,,,,,,,,,,,,,,,,,,
,,,,,,,,,,,,,,,,,,,,,,,
,,,,,,,,,,,,,,,,,,,,,,,
,,,,,,,,,,,,,,,,,,,,,,,
,,,,,,,,,,,,,,,,,,,,,,,
,,,,,,,,,,,,,,,,,,,,,,,
,,,,,,,,,,,,,,,,,,,,,,,
,,,,,,,,,,,,,,,,,,,,,,,
,,,,,,,,,,,,,,,,,,,,,,,
,,,,,,,,,,,,,,,,,,,,,,,
,,,,,,,,,,,,,,,,,,,,,,,
,,,,,,,,,,,,,,,,,,,,,,,
,,,,,,,,,,,,,,,,,,,,,,,
,,,,,,,,,,,,,,,,,,,,,,,
,,,,,,,,,,,,,,,,,,,,,,,
,,,,,,,,,,,,,,,,,,,,,,,
,,,,,,,,,,,,,,,,,,,,,,,
,,,,,,,,,,,,,,,,,,,,,,,
,,,,,,,,,,,,,,,,,,,,,,,
,,,,,,,,,,,,,,,,,,,,,,,
,,,,,,,,,,,,,,,,,,,,,,,
,,,,,,,,,,,,,,,,,,,,,,,
,,,,,,,,,,,,,,,,,,,,,,,
,,,,,,,,,,,,,,,,,,,,,,,
,,,,,,,,,,,,,,,,,,,,,,,
,,,,,,,,,,,,,,,,,,,,,,,
,,,,,,,,,,,,,,,,,,,,,,,
,,,,,,,,,,,,,,,,,,,,,,,
,,,,,,,,,,,,,,,,,,,,,,,
,,,,,,,,,,,,,,,,,,,,,,,
,,,,,,,,,,,,,,,,,,,,,,,
,,,,,,,,,,,,,,,,,,,,,,,
,,,,,,,,,,,,,,,,,,,,,,,
,,,,,,,,,,,,,,,,,,,,,,,
,,,,,,,,,,,,,,,,,,,,,,,
,,,,,,,,,,,,,,,,,,,,,,,
,,,,,,,,,,,,,,,,,,,,,,,
,,,,,,,,,,,,,,,,,,,,,,,
,,,,,,,,,,,,,,,,,,,,,,,
,,,,,,,,,,,,,,,,,,,,,,,
,,,,,,,,,,,,,,,,,,,,,,,
,,,,,,,,,,,,,,,,,,,,,,,
,,,,,,,,,,,,,,,,,,,,,,,
,,,,,,,,,,,,,,,,,,,,,,,
,,,,,,,,,,,,,,,,,,,,,,,
,,,,,,,,,,,,,,,,,,,,,,,
,,,,,,,,,,,,,,,,,,,,,,,
,,,,,,,,,,,,,,,,,,,,,,,
,,,,,,,,,,,,,,,,,,,,,,,
,,,,,,,,,,,,,,,,,,,,,,,
,,,,,,,,,,,,,,,,,,,,,,,
,,,,,,,,,,,,,,,,,,,,,,,
,,,,,,,,,,,,,,,,,,,,,,,
,,,,,,,,,,,,,,,,,,,,,,,
,,,,,,,,,,,,,,,,,,,,,,,
,,,,,,,,,,,,,,,,,,,,,,,
,,,,,,,,,,,,,,,,,,,,,,,
,,,,,,,,,,,,,,,,,,,,,,,
,,,,,,,,,,,,,,,,,,,,,,,
,,,,,,,,,,,,,,,,,,,,,,,
,,,,,,,,,,,,,,,,,,,,,,,
,,,,,,,,,,,,,,,,,,,,,,,
,,,,,,,,,,,,,,,,,,,,,,,
,,,,,,,,,,,,,,,,,,,,,,,
,,,,,,,,,,,,,,,,,,,,,,,
,,,,,,,,,,,,,,,,,,,,,,,
,,,,,,,,,,,,,,,,,,,,,,,
,,,,,,,,,,,,,,,,,,,,,,,
,,,,,,,,,,,,,,,,,,,,,,,
,,,,,,,,,,,,,,,,,,,,,,,
,,,,,,,,,,,,,,,,,,,,,,,
,,,,,,,,,,,,,,,,,,,,,,,
,,,,,,,,,,,,,,,,,,,,,,,
,,,,,,,,,,,,,,,,,,,,,,,
,,,,,,,,,,,,,,,,,,,,,,,
,,,,,,,,,,,,,,,,,,,,,,,
,,,,,,,,,,,,,,,,,,,,,,,
,,,,,,,,,,,,,,,,,,,,,,,
,,,,,,,,,,,,,,,,,,,,,,,
,,,,,,,,,,,,,,,,,,,,,,,
,,,,,,,,,,,,,,,,,,,,,,,
,,,,,,,,,,,,,,,,,,,,,,,
,,,,,,,,,,,,,,,,,,,,,,,
,,,,,,,,,,,,,,,,,,,,,,,
,,,,,,,,,,,,,,,,,,,,,,,
,,,,,,,,,,,,,,,,,,,,,,,
,,,,,,,,,,,,,,,,,,,,,,,
,,,,,,,,,,,,,,,,,,,,,,,
,,,,,,,,,,,,,,,,,,,,,,,
,,,,,,,,,,,,,,,,,,,,,,,
,,,,,,,,,,,,,,,,,,,,,,,
,,,,,,,,,,,,,,,,,,,,,,,
,,,,,,,,,,,,,,,,,,,,,,,
,,,,,,,,,,,,,,,,,,,,,,,
,,,,,,,,,,,,,,,,,,,,,,,
,,,,,,,,,,,,,,,,,,,,,,,
,,,,,,,,,,,,,,,,,,,,,,,
,,,,,,,,,,,,,,,,,,,,,,,
,,,,,,,,,,,,,,,,,,,,,,,
,,,,,,,,,,,,,,,,,,,,,,,
,,,,,,,,,,,,,,,,,,,,,,,
,,,,,,,,,,,,,,,,,,,,,,,
,,,,,,,,,,,,,,,,,,,,,,,
,,,,,,,,,,,,,,,,,,,,,,,
,,,,,,,,,,,,,,,,,,,,,,,
,,,,,,,,,,,,,,,,,,,,,,,
,,,,,,,,,,,,,,,,,,,,,,,
,,,,,,,,,,,,,,,,,,,,,,,
,,,,,,,,,,,,,,,,,,,,,,,
,,,,,,,,,,,,,,,,,,,,,,,
,,,,,,,,,,,,,,,,,,,,,,,
,,,,,,,,,,,,,,,,,,,,,,,
,,,,,,,,,,,,,,,,,,,,,,,
,,,,,,,,,,,,,,,,,,,,,,,
,,,,,,,,,,,,,,,,,,,,,,,
,,,,,,,,,,,,,,,,,,,,,,,
,,,,,,,,,,,,,,,,,,,,,,,
,,,,,,,,,,,,,,,,,,,,,,,
,,,,,,,,,,,,,,,,,,,,,,,
,,,,,,,,,,,,,,,,,,,,,,,
,,,,,,,,,,,,,,,,,,,,,,,
,,,,,,,,,,,,,,,,,,,,,,,
,,,,,,,,,,,,,,,,,,,,,,,
,,,,,,,,,,,,,,,,,,,,,,,
,,,,,,,,,,,,,,,,,,,,,,,
,,,,,,,,,,,,,,,,,,,,,,,
,,,,,,,,,,,,,,,,,,,,,,,
,,,,,,,,,,,,,,,,,,,,,,,
,,,,,,,,,,,,,,,,,,,,,,,
,,,,,,,,,,,,,,,,,,,,,,,
,,,,,,,,,,,,,,,,,,,,,,,
,,,,,,,,,,,,,,,,,,,,,,,
,,,,,,,,,,,,,,,,,,,,,,,
,,,,,,,,,,,,,,,,,,,,,,,
,,,,,,,,,,,,,,,,,,,,,,,
,,,,,,,,,,,,,,,,,,,,,,,
,,,,,,,,,,,,,,,,,,,,,,,
,,,,,,,,,,,,,,,,,,,,,,,
,,,,,,,,,,,,,,,,,,,,,,,
,,,,,,,,,,,,,,,,,,,,,,,
,,,,,,,,,,,,,,,,,,,,,,,
,,,,,,,,,,,,,,,,,,,,,,,
,,,,,,,,,,,,,,,,,,,,,,,
,,,,,,,,,,,,,,,,,,,,,,,
,,,,,,,,,,,,,,,,,,,,,,,
,,,,,,,,,,,,,,,,,,,,,,,
,,,,,,,,,,,,,,,,,,,,,,,
,,,,,,,,,,,,,,,,,,,,,,,
,,,,,,,,,,,,,,,,,,,,,,,
,,,,,,,,,,,,,,,,,,,,,,,
,,,,,,,,,,,,,,,,,,,,,,,
,,,,,,,,,,,,,,,,,,,,,,,
,,,,,,,,,,,,,,,,,,,,,,,
,,,,,,,,,,,,,,,,,,,,,,,
,,,,,,,,,,,,,,,,,,,,,,,
,,,,,,,,,,,,,,,,,,,,,,,
,,,,,,,,,,,,,,,,,,,,,,,
,,,,,,,,,,,,,,,,,,,,,,,
,,,,,,,,,,,,,,,,,,,,,,,
,,,,,,,,,,,,,,,,,,,,,,,
,,,,,,,,,,,,,,,,,,,,,,,
,,,,,,,,,,,,,,,,,,,,,,,
,,,,,,,,,,,,,,,,,,,,,,,
,,,,,,,,,,,,,,,,,,,,,,,
,,,,,,,,,,,,,,,,,,,,,,,
,,,,,,,,,,,,,,,,,,,,,,,
,,,,,,,,,,,,,,,,,,,,,,,
,,,,,,,,,,,,,,,,,,,,,,,
,,,,,,,,,,,,,,,,,,,,,,,
,,,,,,,,,,,,,,,,,,,,,,,
,,,,,,,,,,,,,,,,,,,,,,,
,,,,,,,,,,,,,,,,,,,,,,,
,,,,,,,,,,,,,,,,,,,,,,,
,,,,,,,,,,,,,,,,,,,,,,,
,,,,,,,,,,,,,,,,,,,,,,,
,,,,,,,,,,,,,,,,,,,,,,,
,,,,,,,,,,,,,,,,,,,,,,,
,,,,,,,,,,,,,,,,,,,,,,,
,,,,,,,,,,,,,,,,,,,,,,,
,,,,,,,,,,,,,,,,,,,,,,,
,,,,,,,,,,,,,,,,,,,,,,,
,,,,,,,,,,,,,,,,,,,,,,,
,,,,,,,,,,,,,,,,,,,,,,,
,,,,,,,,,,,,,,,,,,,,,,,
,,,,,,,,,,,,,,,,,,,,,,,
,,,,,,,,,,,,,,,,,,,,,,,
,,,,,,,,,,,,,,,,,,,,,,,
,,,,,,,,,,,,,,,,,,,,,,,
,,,,,,,,,,,,,,,,,,,,,,,
,,,,,,,,,,,,,,,,,,,,,,,
,,,,,,,,,,,,,,,,,,,,,,,
,,,,,,,,,,,,,,,,,,,,,,,
,,,,,,,,,,,,,,,,,,,,,,,
,,,,,,,,,,,,,,,,,,,,,,,
,,,,,,,,,,,,,,,,,,,,,,,
,,,,,,,,,,,,,,,,,,,,,,,
,,,,,,,,,,,,,,,,,,,,,,,
,,,,,,,,,,,,,,,,,,,,,,,
,,,,,,,,,,,,,,,,,,,,,,,
,,,,,,,,,,,,,,,,,,,,,,,
,,,,,,,,,,,,,,,,,,,,,,,
,,,,,,,,,,,,,,,,,,,,,,,
,,,,,,,,,,,,,,,,,,,,,,,
,,,,,,,,,,,,,,,,,,,,,,,
,,,,,,,,,,,,,,,,,,,,,,,
,,,,,,,,,,,,,,,,,,,,,,,
,,,,,,,,,,,,,,,,,,,,,,,
,,,,,,,,,,,,,,,,,,,,,,,
,,,,,,,,,,,,,,,,,,,,,,,
,,,,,,,,,,,,,,,,,,,,,,,
,,,,,,,,,,,,,,,,,,,,,,,
,,,,,,,,,,,,,,,,,,,,,,,
,,,,,,,,,,,,,,,,,,,,,,,
,,,,,,,,,,,,,,,,,,,,,,,
,,,,,,,,,,,,,,,,,,,,,,,
,,,,,,,,,,,,,,,,,,,,,,,
,,,,,,,,,,,,,,,,,,,,,,,
,,,,,,,,,,,,,,,,,,,,,,,
,,,,,,,,,,,,,,,,,,,,,,,
,,,,,,,,,,,,,,,,,,,,,,,
,,,,,,,,,,,,,,,,,,,,,,,
,,,,,,,,,,,,,,,,,,,,,,,
,,,,,,,,,,,,,,,,,,,,,,,
,,,,,,,,,,,,,,,,,,,,,,,
,,,,,,,,,,,,,,,,,,,,,,,
,,,,,,,,,,,,,,,,,,,,,,,
,,,,,,,,,,,,,,,,,,,,,,,
,,,,,,,,,,,,,,,,,,,,,,,
,,,,,,,,,,,,,,,,,,,,,,,
,,,,,,,,,,,,,,,,,,,,,,,
,,,,,,,,,,,,,,,,,,,,,,,
,,,,,,,,,,,,,,,,,,,,,,,
,,,,,,,,,,,,,,,,,,,,,,,
,,,,,,,,,,,,,,,,,,,,,,,
,,,,,,,,,,,,,,,,,,,,,,,
,,,,,,,,,,,,,,,,,,,,,,,
,,,,,,,,,,,,,,,,,,,,,,,
,,,,,,,,,,,,,,,,,,,,,,,
,,,,,,,,,,,,,,,,,,,,,,,
,,,,,,,,,,,,,,,,,,,,,,,
,,,,,,,,,,,,,,,,,,,,,,,
,,,,,,,,,,,,,,,,,,,,,,,
,,,,,,,,,,,,,,,,,,,,,,,
,,,,,,,,,,,,,,,,,,,,,,,
,,,,,,,,,,,,,,,,,,,,,,,
,,,,,,,,,,,,,,,,,,,,,,,
,,,,,,,,,,,,,,,,,,,,,,,
,,,,,,,,,,,,,,,,,,,,,,,
,,,,,,,,,,,,,,,,,,,,,,,
,,,,,,,,,,,,,,,,,,,,,,,
,,,,,,,,,,,,,,,,,,,,,,,
,,,,,,,,,,,,,,,,,,,,,,,
,,,,,,,,,,,,,,,,,,,,,,,
,,,,,,,,,,,,,,,,,,,,,,,
,,,,,,,,,,,,,,,,,,,,,,,
,,,,,,,,,,,,,,,,,,,,,,,
,,,,,,,,,,,,,,,,,,,,,,,
,,,,,,,,,,,,,,,,,,,,,,,
,,,,,,,,,,,,,,,,,,,,,,,
,,,,,,,,,,,,,,,,,,,,,,,
,,,,,,,,,,,,,,,,,,,,,,,
,,,,,,,,,,,,,,,,,,,,,,,
,,,,,,,,,,,,,,,,,,,,,,,
,,,,,,,,,,,,,,,,,,,,,,,
,,,,,,,,,,,,,,,,,,,,,,,
,,,,,,,,,,,,,,,,,,,,,,,
,,,,,,,,,,,,,,,,,,,,,,,
,,,,,,,,,,,,,,,,,,,,,,,
,,,,,,,,,,,,,,,,,,,,,,,
,,,,,,,,,,,,,,,,,,,,,,,
,,,,,,,,,,,,,,,,,,,,,,,
,,,,,,,,,,,,,,,,,,,,,,,
,,,,,,,,,,,,,,,,,,,,,,,
,,,,,,,,,,,,,,,,,,,,,,,
,,,,,,,,,,,,,,,,,,,,,,,
,,,,,,,,,,,,,,,,,,,,,,,
,,,,,,,,,,,,,,,,,,,,,,,
,,,,,,,,,,,,,,,,,,,,,,,
,,,,,,,,,,,,,,,,,,,,,,,
,,,,,,,,,,,,,,,,,,,,,,,
,,,,,,,,,,,,,,,,,,,,,,,
,,,,,,,,,,,,,,,,,,,,,,,
,,,,,,,,,,,,,,,,,,,,,,,
,,,,,,,,,,,,,,,,,,,,,,,
,,,,,,,,,,,,,,,,,,,,,,,
,,,,,,,,,,,,,,,,,,,,,,,
,,,,,,,,,,,,,,,,,,,,,,,
,,,,,,,,,,,,,,,,,,,,,,,
,,,,,,,,,,,,,,,,,,,,,,,
,,,,,,,,,,,,,,,,,,,,,,,
,,,,,,,,,,,,,,,,,,,,,,,
,,,,,,,,,,,,,,,,,,,,,,,
,,,,,,,,,,,,,,,,,,,,,,,
,,,,,,,,,,,,,,,,,,,,,,,
,,,,,,,,,,,,,,,,,,,,,,,
,,,,,,,,,,,,,,,,,,,,,,,
,,,,,,,,,,,,,,,,,,,,,,,
,,,,,,,,,,,,,,,,,,,,,,,
,,,,,,,,,,,,,,,,,,,,,,,
,,,,,,,,,,,,,,,,,,,,,,,
,,,,,,,,,,,,,,,,,,,,,,,
,,,,,,,,,,,,,,,,,,,,,,,
,,,,,,,,,,,,,,,,,,,,,,,
,,,,,,,,,,,,,,,,,,,,,,,
,,,,,,,,,,,,,,,,,,,,,,,
,,,,,,,,,,,,,,,,,,,,,,,
,,,,,,,,,,,,,,,,,,,,,,,
,,,,,,,,,,,,,,,,,,,,,,,
,,,,,,,,,,,,,,,,,,,,,,,
,,,,,,,,,,,,,,,,,,,,,,,
,,,,,,,,,,,,,,,,,,,,,,,
,,,,,,,,,,,,,,,,,,,,,,,
,,,,,,,,,,,,,,,,,,,,,,,
,,,,,,,,,,,,,,,,,,,,,,,
,,,,,,,,,,,,,,,,,,,,,,,
,,,,,,,,,,,,,,,,,,,,,,,
,,,,,,,,,,,,,,,,,,,,,,,
,,,,,,,,,,,,,,,,,,,,,,,
,,,,,,,,,,,,,,,,,,,,,,,
,,,,,,,,,,,,,,,,,,,,,,,
,,,,,,,,,,,,,,,,,,,,,,,
,,,,,,,,,,,,,,,,,,,,,,,
,,,,,,,,,,,,,,,,,,,,,,,
,,,,,,,,,,,,,,,,,,,,,,,
,,,,,,,,,,,,,,,,,,,,,,,
,,,,,,,,,,,,,,,,,,,,,,,
,,,,,,,,,,,,,,,,,,,,,,,
,,,,,,,,,,,,,,,,,,,,,,,
,,,,,,,,,,,,,,,,,,,,,,,
,,,,,,,,,,,,,,,,,,,,,,,
,,,,,,,,,,,,,,,,,,,,,,,
,,,,,,,,,,,,,,,,,,,,,,,
,,,,,,,,,,,,,,,,,,,,,,,
,,,,,,,,,,,,,,,,,,,,,,,
,,,,,,,,,,,,,,,,,,,,,,,
,,,,,,,,,,,,,,,,,,,,,,,
,,,,,,,,,,,,,,,,,,,,,,,
,,,,,,,,,,,,,,,,,,,,,,,
,,,,,,,,,,,,,,,,,,,,,,,
,,,,,,,,,,,,,,,,,,,,,,,
,,,,,,,,,,,,,,,,,,,,,,,
,,,,,,,,,,,,,,,,,,,,,,,
,,,,,,,,,,,,,,,,,,,,,,,
,,,,,,,,,,,,,,,,,,,,,,,
,,,,,,,,,,,,,,,,,,,,,,,
,,,,,,,,,,,,,,,,,,,,,,,
